hawkthorne-journey:scripts/album.py	132	Kyle Conroy:72:0,Kyle Conroy:42:25,Kyle Conroy:22:22,Kyle Conroy:43:2,Kyle Conroy:2:0			
hawkthorne-journey:scripts/animations.py	103	Kyle Conroy:100:0,Kyle Conroy:4:1			
hawkthorne-journey:scripts/clean.py	17	Kyle Conroy:17:0,Kyle Conroy:1:1			
hawkthorne-journey:scripts/create_post.py	49	Kyle Conroy:57:0,Kyle Conroy:3:12,Kyle Conroy:2:1			
hawkthorne-journey:scripts/credits.py	5	Kyle Conroy:5:0			
hawkthorne-journey:scripts/fixcostumes.py	55	Kyle Conroy:41:0,Kyle Conroy:18:4			
hawkthorne-journey:scripts/generate_travis.py	27	Kyle Conroy:27:0,Kyle Conroy:1:1			
hawkthorne-journey:scripts/gif.py	32	Kyle Conroy:32:0			
hawkthorne-journey:scripts/pages.py	45	Kyle Conroy:45:0			
hawkthorne-journey:scripts/productionize.py	55	Kyle Conroy:47:0,Kyle Conroy:23:4,Kyle Conroy:3:3,Kyle Conroy:1:12,Kyle Conroy:4:16,Kyle Conroy:11:4,Kyle Conroy:0:4,Kyle Conroy:2:0,Kyle Conroy:1:0,Kyle Conroy:3:0,Kyle Conroy:5:0			
hawkthorne-journey:scripts/s3upload.py	20	Kyle Conroy:20:0			
hawkthorne-journey:scripts/socialize.py	121	Kyle Conroy:36:0,Kyle Conroy:7:1,Kyle Conroy:39:9,Kyle Conroy:2:2,Kyle Conroy:3:0,Kyle Conroy:15:0,Kyle Conroy:0:13,Kyle Conroy:11:2,Kyle Conroy:40:10,Kyle Conroy:18:8,Kyle Conroy:6:8,Kyle Conroy:1:1,Kyle Conroy:1:3,Kyle Conroy:3:27,Kyle Conroy:4:3,Kyle Conroy:2:2,Kyle Conroy:1:1,Kyle Conroy:1:1,Kyle Conroy:7:1,Kyle Conroy:3:3,Kyle Conroy:31:19,Kyle Conroy:3:3,Kyle Conroy:4:0,Kyle Conroy:2:2,Kyle Conroy:1:1,Kyle Conroy:1:1			
hawkthorne-journey:scripts/sparkle.py	82	Kyle Conroy:62:0,Kyle Conroy:26:20,Kyle Conroy:58:4,Kyle Conroy:33:5,Kyle Conroy:20:4,Kyle Conroy:1:1,Kyle Conroy:1:4,Kyle Conroy:2:1,Kyle Conroy:1:1,Kyle Conroy:14:4,Kyle Conroy:5:0,Kyle Conroy:7:75,Protuhj:7:75,Kyle Conroy:60:84			
hawkthorne-journey:scripts/upload.py	32	Kyle Conroy:53:0,Kyle Conroy:7:0,Kyle Conroy:1:1,Kyle Conroy:1:3,Kyle Conroy:8:48,Kyle Conroy:3:2,Kyle Conroy:11:6,Kyle Conroy:13:5			
hawkthorne-journey:scripts/upload_binaries.py	57	Kyle Conroy:39:0,Kyle Conroy:4:3,Kyle Conroy:0:1,Kyle Conroy:18:1			
hawkthorne-journey:scripts/upload_release_notes.py	20	Kyle Conroy:20:0,Protuhj:20:0			
hawkthorne-journey:scripts/validate.py	39	Kyle Conroy:39:0,Protuhj:39:0			
hawkthorne-journey:scripts/version.py	66	Kyle Conroy:36:0,Kyle Conroy:7:2,Kyle Conroy:2:2,Kyle Conroy:1:1,Kyle Conroy:1:1,Kyle Conroy:15:8,Kyle Conroy:4:0,Kyle Conroy:18:32,Kyle Conroy:0:1,Kyle Conroy:13:2,Kyle Conroy:11:5,Kyle Conroy:1:1			
